Question,Option A,Option B,Option C,Option D,Answer
Q1,A1,B1,C1,D1,Option A
Q2,A1,B1,C1,D1,Option A
Q3,A1,B1,C1,D1,Option A
Q4,A1,B1,C1,D1,Option A
Q5,A1,B1,C1,D1,Option A
Q6,A1,B1,C1,D1,Option A
Q7,A1,B1,C1,D1,Option A
Q8,A1,B1,C1,D1,Option A
Q9,A1,B1,C1,D1,Option A
Q10,A1,B1,C1,D1,Option A
Q11,A1,B1,C1,D1,Option A
Q12,A1,B1,C1,D1,Option A
Q13,A1,B1,C1,D1,Option A
Q14,A1,B1,C1,D1,Option A
Q15,A1,B1,C1,D1,Option A
Q16,A1,B1,C1,D1,Option A
Q17,A1,B1,C1,D1,Option A
Q18,A1,B1,C1,D1,Option A
Q19,A1,B1,C1,D1,Option A
Q20,A1,B1,C1,D1,Option A
Q21,A1,B1,C1,D1,Option A
Q22,A1,B1,C1,D1,Option A
Q23,A1,B1,C1,D1,Option A
Q24,A1,B1,C1,D1,Option A
Q25,A1,B1,C1,D1,Option A
Q26,A1,B1,C1,D1,Option A
Q27,A1,B1,C1,D1,Option A
Q28,A1,B1,C1,D1,Option A
Q29,A1,B1,C1,D1,Option A
Q30,A1,B1,C1,D1,Option A
Q31,A1,B1,C1,D1,Option A
Q32,A1,B1,C1,D1,Option A
Q33,A1,B1,C1,D1,Option A
Q34,A1,B1,C1,D1,Option A
Q35,A1,B1,C1,D1,Option A
Q36,A1,B1,C1,D1,Option A
Q37,A1,B1,C1,D1,Option A
Q38,A1,B1,C1,D1,Option A
Q39,A1,B1,C1,D1,Option A
Q40,A1,B1,C1,D1,Option A
Q41,A1,B1,C1,D1,Option A
Q42,A1,B1,C1,D1,Option A
Q43,A1,B1,C1,D1,Option A
Q44,A1,B1,C1,D1,Option A
Q45,A1,B1,C1,D1,Option A
